WORD,SEARCH,EditDistance
abstral,abstral,0
abstral,abstra,1
abstral,abtral,1
abstral,astral,1
abstral,abstrla,2
abstral,asbtral,2
actahist,actahist,0
actahist,aactahist,1
actahist,actahiist,1
actahist,actahistt,1
actahist,nearactahist,4
activella,activella,0
activella,acctivella,1
activella,activlella,1
activella,acttivella,1
activella,activelal,2
activella,atcivella,2
aczone,aczone,0
aczone,acczone,1
aczone,aczne,1
aczone,aczonve,1
aczone,aczoone,1
aczone,acznoe,2
adapalene,adapalene,0
adapalene,adapalenee,1
adapalene,adapalne,1
adapalene,aadpalene,2
adapalene,adapaleneamid,4
adasuve,adasuve,0
adasuve,adasuv,1
adasuve,adasuveso,2
adasuve,daasuve,2
adderall,adderall,0
adderall,adderrall,1
adderall,avdderall,1
adderall,addearll,2
adempas,adempas,0
adempas,adempa,1
adempas,adempas7,1
adempas,adempaus,1
adempas,adiempas,1
adempas,aempas,1
albendazole,albendazole,0
albendazole,albendaole,1
albendazole,albendaszole,1
albendazole,albendazdole,1
albendazole,albendazolwe,1
alcaine,alcaine,0
alcaine,alcainne,1
alcaine,alcine,1
alcaine,alacine,2
alcaine,alcaineoff,3
aldara,aldara,0
aldara,aldaa,1
aldara,aldra,1
aldara,aldtara,1
aldara,alidara,1
aldesleukin,aldesleukin,0
aldesleukin,a3ldesleukin,1
aldesleukin,aldeslukin,1
aldesleukin,aldevsleukin,1
aldesleukin,aldesleukni,2
aldesleukin,fromaldesleukin,4
allernaze,allernaze,0
allernaze,aljlernaze,1
allernaze,allernaz,1
allernaze,allernazle,1
allernaze,allerrnaze,1
allernaze,allernzae,2
alora,alora,0
alora,alor,1
alora,alorad,1
alora,alorza,1
aloxi,aloxi,0
aloxi,aoxi,1
aloxi,toaloxi,2
aloxi,aloxilike,4
alpelisib,alpelisib,0
alpelisib,alpelisdib,1
alpelisib,alpelisxib,1
alpelisib,alppelisib,1
alpelisib,azlpelisib,1
alpelisib,aleplisib,2
altace,altace,0
altace,altbace,1
altace,altlace,1
altace,atltace,1
altace,avltace,1
altace,atlace,2
alvimopan,alvimopan,0
alvimopan,alvimoopan,1
alvimopan,alvimpan,1
alvimopan,alvimopna,2
alvimopan,alvimopanupon,4
alyacen,alyacen,0
alyacen,alyaccen,1
alyacen,lyacen,1
amerge,amerge,0
amerge,aerge,1
amerge,ame0rge,1
aminoglutethimide,aminoglutethimide,0
aminoglutethimide,aminogglutethimide,1
aminoglutethimide,aminoglutethaimide,1
aminoglutethimide,aminoglutethimidde,1
aminoglutethimide,mainoglutethimide,2
aminophylline,aminophylline,0
aminophylline,aminophhylline,1
aminophylline,aminophylhline,1
aminophylline,aminophyllwine,1
aminophylline,aminophyylline,1
aminophylline,amwinophylline,1
amyvid,amyvid,0
amyvid,ammyvid,1
amyvid,amyfvid,1
amyvid,amyvidd,1
amyvid,amyvidr,1
amyvid,amyviid,1
anidulafungin,anidulafungin,0
anidulafungin,aanidulafungin,1
anidulafungin,anidulaafungin,1
anidulafungin,anidulafunggin,1
anidulafungin,aniudlafungin,2
anisindione,anisindione,0
anisindione,anisindi4one,1
anisindione,anisindiione,1
anisindione,anisindionee,1
anisindione,anisinndione,1
ansolysen,ansolysen,0
ansolysen,asnolysen,2
ansolysen,nasolysen,2
ansolysen,andansolysen,3
ansolysen,viaansolysen,3
antivert,antivert,0
antivert,alntivert,1
antivert,antviert,2
antivert,pastantivert,4
anturane,anturane,0
anturane,abnturane,1
anturane,annturane,1
anturane,antturane,1
anturane,aturane,1
anturane,anutrane,2
apalutamide,apalutamide,0
apalutamide,apalutaide,1
apalutamide,apalutammide,1
apalutamide,appalutamide,1
apalutamide,avpalutamide,1
apokyn,apokyn,0
apokyn,apokypn,1
apokyn,apookyn,1
apokyn,aopkyn,2
apokyn,apokny,2
apriso,apriso,0
apriso,aprisoi,1
apriso,noapriso,2
apriso,pariso,2
aptiom,aptiom,0
aptiom,adptiom,1
aptiom,apctiom,1
aptiom,apstiom,1
aptiom,aptioms,1
aptiom,atiom,1
aquamephyton,aquamephyton,0
aquamephyton,aqfuamephyton,1
aquamephyton,auamephyton,1
aquamephyton,aquamepyhton,2
aquamephyton,aquamephytonper,3
aquamephyton,aquamephytonthat,4
arcalyst,arcalyst,0
arcalyst,arcaglyst,1
arcalyst,arcayst,1
arcalyst,arcalystten,3
aristogel,aristogel,0
aristogel,aaristogel,1
aristogel,arisjtogel,1
aristogel,arismtogel,1
aristogel,aristoel,1
aristogel,aristtogel,1
atelvia,atelvia,0
atelvia,aelvia,1
atelvia,atelviva,1
atelvia,atelvvia,1
atelvia,telvia,1
atelvia,atlevia,2
athrombin,athrombin,0
athrombin,athrombiin,1
athrombin,atrombin,1
athrombin,atxhrombin,1
athrombin,athrombni,2
athrombin,tahrombin,2
atripla,atripla,0
atripla,atripila,1
atripla,tripla,1
atripla,atirpla,2
avagard,avagard,0
avagard,avagarrd,1
avagard,avagbard,1
avagard,avfagard,1
avagard,avagadr,2
avagard,avgaard,2
avapritinib,avapritinib,0
avapritinib,aapritinib,1
avapritinib,avapritini,1
avapritinib,avapritinmib,1
avapritinib,vapritinib,1
avapritinib,avapriitnib,2
avelox,avelox,0
avelox,aveblox,1
avelox,avelo,1
avelox,avelonx,1
avelox,aveulox,1
axert,axert,0
axert,aixert,1
axert,xert,1
ayuna,ayuna,0
ayuna,aayuna,1
ayuna,yuna,1
ayuna,aynua,2
ayuna,yauna,2
ayuna,saveayuna,4
azasan,azasan,0
azasan,aasan,1
azasan,azasean,1
azasan,azzasan,1
azasan,zaasan,2
bactrim,bactrim,0
bactrim,bactrm,1
bactrim,bahctrim,1
bactrim,bacrtim,2
bactrim,bcatrim,2
banan,banan,0
banan,banann,1
banan,bannan,1
banan,bnan,1
banan,bananher,3
bancap,bancap,0
bancap,baancap,1
bancap,banap,1
bancap,banncap,1
bancap,batncap,1
bancap,bnacap,2
baraclude,baraclude,0
baraclude,araclude,1
baraclude,baraclud,1
baraclude,barasclude,1
baraclude,baraculde,2
basiliximab,basiliximab,0
basiliximab,basiliximmab,1
basiliximab,basriliximab,1
basiliximab,absiliximab,2
baycol,baycol,0
baycol,bacol,1
baycol,bayco,1
baycol,bayycol,1
baycol,bacyol,2
bekyree,bekyree,0
bekyree,beky2ree,1
bekyree,bekyreee,1
bekyree,bekyyree,1
bekyree,ebkyree,2
belix,belix,0
belix,beilix,1
belix,belikx,1
belix,belixx,1
belix,belxi,2
benzonatate,benzonatate,0
benzonatate,benzonattae,2
benzonatate,benzontaate,2
benzonatate,overbenzonatate,4
bepreve,bepreve,0
bepreve,beepreve,1
bepreve,beppreve,1
betaderm,betaderm,0
betaderm,betaaderm,1
betaderm,betadercm,1
betaderm,betgaderm,1
betaderm,bettaderm,1
betaderm,bteaderm,2
betalin,betalin,0
betalin,etalin,1
betalin,beatlin,2
betalin,betalni,2
betalin,betalinlike,4
betalin,ninebetalin,4
bexarotene,bexarotene,0
bexarotene,bexarotee,1
bexarotene,bexarotefne,1
bexarotene,bexarotenne,1
bexarotene,bexaroteen,2
bexarotene,onbexarotene,2
borofair,borofair,0
borofair,borfair,1
borofair,borofaiir,1
borofair,borofaiur,1
borofair,boroafir,2
borofair,borofari,2
bosulif,bosulif,0
bosulif,bosulifh,1
bosulif,bsulif,1
bosulif,osulif,1
bridion,bridion,0
bridion,bcridion,1
bridion,briddion,1
bridion,bridin,1
brilinta,brilinta,0
brilinta,brilintta,1
brilinta,brlinta,1
brilinta,brrilinta,1
brilinta,bruilinta,1
brilinta,brilitna,2
bristamycin,bristamycin,0
bristamycin,bpristamycin,1
bristamycin,brisstamycin,1
bristamycin,bristamycn,1
bristamycin,bristamyycin,1
bristamycin,bristiamycin,1
bronkodyl,bronkodyl,0
bronkodyl,brdonkodyl,1
bronkodyl,bronkody,1
bronkodyl,bronodyl,1
bronkodyl,brronkodyl,1
budesonide,budesonide,0
budesonide,budesomnide,1
budesonide,budesonidde,1
budesonide,budesonoide,1
budesonide,budesonideover,4
butrans,butrans,0
butrans,btrans,1
butrans,butran,1
butrans,buttrans,1
butrans,butarns,2
cafergot,cafergot,0
cafergot,caferfgot,1
cafergot,cafrgot,1
cafergot,thecafergot,3
calcijex,calcijex,0
calcijex,calcijeex,1
calcijex,calcijexmy,2
calcijex,calcijexmuch,4
cangrelor,cangrelor,0
cangrelor,angrelor,1
cangrelor,cangqrelor,1
cangrelor,cangreloor,1
cangrelor,canrelor,1
cangrelor,cangreloreach,4
caprelsa,caprelsa,0
caprelsa,caaprelsa,1
caprelsa,capreelsa,1
caprelsa,caprelssa,1
caprelsa,cnaprelsa,1
caprelsa,caprlesa,2
captopril,captopril,0
captopril,captopil,1
captopril,captoppril,1
captopril,captoprikl,1
captopril,captoprilto,2
carbocaine,carbocaine,0
carbocaine,carbocainee,1
carbocaine,cdarbocaine,1
carbocaine,carbocanie,2
carbocaine,uponcarbocaine,4
cardiac,cardiac,0
cardiac,carddiac,1
cardiac,ccardiac,1
cardiac,cradiac,2
cardioplegic,cardioplegic,0
cardioplegic,cadioplegic,1
cardioplegic,cardiopleggic,1
cardioplegic,cardioplgic,1
cardioplegic,carrdioplegic,1
cardioplegic,cadrioplegic,2
cardrase,cardrase,0
cardrase,ardrase,1
cardrase,cardrae,1
cardrase,cardrasel,1
cardrase,cadrrase,2
cardrase,cardraes,2
carprofen,carprofen,0
carprofen,carpriofen,1
carprofen,carproqfen,1
carprofen,crarprofen,1
carprofen,carprofne,2
cartrol,cartrol,0
cartrol,cartrrol,1
cartrol,ccartrol,1
cartrol,ctartrol,1
cartrol,carrtol,2
carvedilol,carvedilol,0
carvedilol,carvedilaol,1
carvedilol,carvedilolq,1
carvedilol,cawrvedilol,1
carvedilol,carveidlol,2
carvedilol,carvedilolfive,4
catapres,catapres,0
catapres,caapres,1
catapres,caetapres,1
catapres,catapcres,1
catapres,catpres,1
catapres,nearcatapres,4
cefotan,cefotan,0
cefotan,cefhotan,1
cefotan,ceftan,1
cefotan,ceftoan,2
cefuroxime,cefuroxime,0
cefuroxime,cefroxime,1
cefuroxime,cefuroime,1
cefuroxime,cefurouxime,1
cefuroxime,cefuroxiime,1
cerubidine,cerubidine,0
cerubidine,cerbidine,1
cerubidine,cerrubidine,1
cerubidine,cerubidinde,1
cerubidine,cerubidines,1
chloride,chloride,0
chloride,chjloride,1
chloride,chlogride,1
chloride,chloridee,1
chloride,chloried,2
chloride,hcloride,2
chlorofair,chlorofair,0
chlorofair,chlorofsair,1
chlorofair,chlorrofair,1
chlorofair,hlorofair,1
chlorofair,chlorofairan,2
chlorofair,chlorofiar,2
chloroptic,chloroptic,0
chloroptic,chhloroptic,1
chloroptic,chloropptic,1
chloroptic,choroptic,1
chloroptic,chlorotpic,2
chloroptic,chloropticmuch,4
chlorprothixene,chlorprothixene,0
chlorprothixene,cchlorprothixene,1
chlorprothixene,chhlorprothixene,1
chlorprothixene,chlorproothixene,1
chlorprothixene,chlorprothixne,1
chlorprothixene,chlorrpothixene,2
cholestyramine,cholestyramine,0
cholestyramine,ccholestyramine,1
cholestyramine,cholestyrxamine,1
cholestyramine,cholestyyramine,1
cholestyramine,chowlestyramine,1
ciloxan,ciloxan,0
ciloxan,cilomxan,1
ciloxan,iloxan,1
ciloxan,ciloaxn,2
ciloxan,anticiloxan,4
cimduo,cimduo,0
cimduo,cimdduo,1
cimduo,cimdu,1
cimduo,cimuo,1
cimduo,cimudo,2
cinobac,cinobac,0
cinobac,cinobaac,1
cinobac,cinobxac,1
cinobac,cinboac,2
cinobac,fromcinobac,4
circanol,circanol,0
circanol,ccircanol,1
circanol,circaanol,1
circanol,circanoll,1
circanol,circanlo,2
circanol,icrcanol,2
claravis,claravis,0
claravis,clarais,1
claravis,claravvis,1
claravis,clravis,1
claravis,clraavis,2
clofazimine,clofazimine,0
clofazimine,clofazmine,1
clofazimine,clofaziimne,2
clofazimine,clofazimnie,2
clofazimine,colfazimine,2
cloth,cloth,0
cloth,ccloth,1
cloth,cdloth,1
cloth,clot,1
cosentyx,cosentyx,0
cosentyx,cosenntyx,1
cosentyx,csentyx,1
cosentyx,cosenytx,2
cosentyx,csoentyx,2
cosmegen,cosmegen,0
cosmegen,cosmege,1
cosmegen,cosmegeen,1
cosmegen,cosmegezn,1
cosmegen,cosmgeen,2
cyclacillin,cyclacillin,0
cyclacillin,cyclacilin,1
cyclacillin,cyclacpillin,1
cyclacillin,cyyclacillin,1
cyramza,cyramza,0
cyramza,cyrama,1
cyramza,cyrammza,1
cyramza,cyreamza,1
cyramza,cyrramza,1
cyramza,cyrazma,2
daptomycin,daptomycin,0
daptomycin,daiptomycin,1
daptomycin,daptomcin,1
daptomycin,daptxomycin,1
daptomycin,dapotmycin,2
daptomycin,daptomycinas,2
daratumumab,daratumumab,0
daratumumab,daratumuma,1
daratumumab,daratumummab,1
daratumumab,daraumumab,1
darifenacin,darifenacin,0
darifenacin,dariffenacin,1
darifenacin,darxifenacin,1
decabid,decabid,0
decabid,decabbid,1
decabid,dekcabid,1
decabid,ecabid,1
decabid,deacbid,2
decabid,edcabid,2
defitelio,defitelio,0
defitelio,defiteelio,1
defitelio,defitelioh,1
defitelio,defittelio,1
defitelio,dfitelio,1
defitelio,defitleio,2
delfen,delfen,0
delfen,delefn,2
delfen,delfne,2
delfen,edlfen,2
demulen,demulen,0
demulen,demlen,1
demulen,demnulen,1
demulen,demullen,1
demulen,dmulen,1
depodur,depodur,0
depodur,ddepodur,1
depodur,dejpodur,1
depodur,depobdur,1
depodur,depuodur,1
desferal,desferal,0
desferal,desf8eral,1
desferal,desfeal,1
desferal,desferall,1
desferal,desferla,2
dextrostat,dextrostat,0
dextrostat,dextrokstat,1
dextrostat,dextrostaat,1
dextrostat,dexxtrostat,1
dextrostat,dexrtostat,2
diamox,diamox,0
diamox,diammox,1
diamox,diamoox,1
diamox,diamx,1
diamox,iamox,1
diamox,diamxo,2
dienestrol,dienestrol,0
dienestrol,d1ienestrol,1
dienestrol,dieneshtrol,1
dienestrol,dienestroll,1
dienestrol,diennestrol,1
dimercaprol,dimercaprol,0
dimercaprol,imercaprol,1
dimercaprol,dimercarpol,2
dimercaprol,dimercparol,2
dimercaprol,itsdimercaprol,3
dimercaprol,nordimercaprol,3
diucardin,diucardin,0
diucardin,diucadin,1
diucardin,diucardi,1
diucardin,diucardinn,1
diucardin,somediucardin,4
docetaxel,docetaxel,0
docetaxel,docetaaxel,1
docetaxel,docetaxe,1
docetaxel,dqocetaxel,1
dostinex,dostinex,0
dostinex,dosinex,1
dostinex,dostinexx,1
dostinex,dstinex,1
dostinex,savedostinex,4
dovato,dovato,0
dovato,dovaato,1
dovato,dvato,1
dovato,dvovato,1
dovato,butdovato,3
duraquin,duraquin,0
duraquin,duraqin,1
duraquin,duraquina,1
duraquin,duuraquin,1
duraquin,duarquin,2
duraquin,udraquin,2
dyphylline,dyphylline,0
dyphylline,dphylline,1
dyphylline,dyphyllineu,1
dyphylline,dyphyylline,1
dyphylline,andyphylline,2
efavirenz,efavirenz,0
efavirenz,eavirenz,1
efavirenz,efvirenz,1
efavirenz,efavirenzthis,4
effervescent,effervescent,0
effervescent,effervecent,1
effervescent,effervscent,1
effervescent,effrvescent,1
effervescent,effervesecnt,2
effervescent,nineeffervescent,4
elestat,elestat,0
elestat,elesstat,1
elestat,elestatt,1
elestat,elstat,1
elestat,lestat,1
elestat,eletsat,2
eliphos,eliphos,0
eliphos,eliiphos,1
eliphos,elihpos,2
elixir,elixir,0
elixir,eklixir,1
elixir,elixi,1
elixir,elixr,1
elixir,someelixir,4
emadine,emadine,0
emadine,emad6ine,1
emadine,emaqdine,1
emadine,emadien,2
emadine,meadine,2
emend,emend,0
emend,eemend,1
emend,emenrd,1
emend,mend,1
emend,eemnd,2
emend,emedn,2
empagliflozin,empagliflozin,0
empagliflozin,empagliflozzin,1
empagliflozin,empaglifplozin,1
empagliflozin,empaglxiflozin,1
empagliflozin,empagtliflozin,1
empagliflozin,empalgiflozin,2
empaveli,empaveli,0
empaveli,emmpaveli,1
empaveli,empaeli,1
empaveli,emparveli,1
empaveli,empavei,1
empaveli,empaevli,2
empliciti,empliciti,0
empliciti,eempliciti,1
empliciti,emliciti,1
empliciti,emplciti,1
empliciti,emplicit,1
empliciti,emplicitig,1
enablex,enablex,0
enablex,enlablex,1
enablex,enablxe,2
enablex,enbalex,2
enablex,enablextwo,3
enjuvia,enjuvia,0
enjuvia,enjmuvia,1
enjuvia,enjuviaa,1
enjuvia,enuvia,1
enjuvia,enjuiva,2
enjuvia,nejuvia,2
enspryng,enspryng,0
enspryng,enspryn,1
enspryng,ensprynng,1
enspryng,ensryng,1
enspryng,espryng,1
enspryng,nespryng,2
entacapone,entacapone,0
entacapone,enacapone,1
entacapone,enntacapone,1
entacapone,entacaplone,1
entacapone,entacapon6e,1
entacapone,entacappone,1
epclusa,epclusa,0
epclusa,epcclusa,1
epclusa,epcllusa,1
epclusa,epcluksa,1
epclusa,epclussa,1
epclusa,epcluas,2
epicort,epicort,0
epicort,epiccort,1
epicort,epicormt,1
epicort,epiort,1
epicort,picort,1
eptifibatide,eptifibatide,0
eptifibatide,eeptifibatide,1
eptifibatide,eptiffibatide,1
eptifibatide,eptifibatde,1
eptifibatide,eptiibatide,1
eptifibatide,eptixfibatide,1
ergamisol,ergamisol,0
ergamisol,ergamissol,1
ergamisol,erkgamisol,1
ergamisol,herergamisol,3
ergamisol,ergamisolmany,4
ergomar,ergomar,0
ergomar,ergomarf,1
ergomar,ergpomar,1
ergomar,ergoamr,2
ergomar,fewergomar,3
erypar,erypar,0
erypar,eryypar,1
erypar,eypar,1
erypar,rypar,1
erypar,reypar,2
estropipate,estropipate,0
estropipate,estronpipate,1
estropipate,estropiipate,1
estropipate,estropipat,1
ethmozine,ethmozine,0
ethmozine,ethmoozine,1
ethmozine,ethozine,1
ethmozine,etmozine,1
ethmozine,etmhozine,2
etoposide,etoposide,0
etoposide,etopooside,1
etoposide,etoposie,1
etoposide,etposide,1
etoposide,etoposdie,2
etrafon,etrafon,0
etrafon,etrafonk,1
etrafon,etrafonw,1
etrafon,etrafron,1
etrafon,etraofn,2
etrafon,itsetrafon,3
evalose,evalose,0
evalose,evallose,1
evalose,evaloqse,1
evalose,evalosse,1
evalose,evvalose,1
evamist,evamist,0
evamist,eevamist,1
evamist,evmist,1
evamist,evamistoff,3
evex,evex,0
evex,eex,1
evex,evexe,1
evex,evexno,2
evex,evxe,2
factive,factive,0
factive,faactive,1
factive,facive,1
factive,facrtive,1
factive,facttive,1
factive,fatcive,2
felbamate,felbamate,0
felbamate,felbaamate,1
felbamate,felbamatpe,1
felbamate,felbbamate,1
felbamate,felcbamate,1
fentanyl,fentanyl,0
fentanyl,fentanl,1
fentanyl,fenttanyl,1
fentanyl,fentanly,2
ferndex,ferndex,0
ferndex,fcerndex,1
ferndex,feerndex,1
ferndex,fendex,1
ferndex,ferndx,1
ferndex,ferndxe,2
ferrlecit,ferrlecit,0
ferrlecit,ferkrlecit,1
ferrlecit,ferrrlecit,1
ferrlecit,ferrelcit,2
ferrlecit,ferrlceit,2
ferrlecit,frerlecit,2
flolan,flolan,0
flolan,fllan,1
flolan,flowlan,1
flolan,flloan,2
flolan,floaln,2
floxuridine,floxuridine,0
floxuridine,ffloxuridine,1
floxuridine,floxuriidine,1
floxuridine,floxuirdine,2
floxuridine,flxouridine,2
floxuridine,lfoxuridine,2
fluorouracil,fluorouracil,0
fluorouracil,fluoorouracil,1
fluorouracil,fluorouracill,1
fluorouracil,fluorrouracil,1
fluorouracil,asfluorouracil,2
foamicon,foamicon,0
foamicon,foaamicon,1
foamicon,foamicdon,1
foamicon,foammicon,1
foamicon,fxoamicon,1
foamicon,foamiconany,3
folicet,folicet,0
folicet,foalicet,1
folicet,foflicet,1
folicet,folice,1
folicet,follicet,1
folicet,folicetany,3
forane,forane,0
forane,foorane,1
forane,foran,1
forane,foraneq,1
forane,fornae,2
forane,foraneper,3
forbaxin,forbaxin,0
forbaxin,forbaaxin,1
forbaxin,frbaxin,1
forbaxin,orbaxin,1
foscavir,foscavir,0
foscavir,focavir,1
foscavir,foscavirj,1
foscavir,foscavr,1
foscavir,ofscavir,2
fosrenol,fosrenol,0
fosrenol,fos9renol,1
fosrenol,fosrenoml,1
fosrenol,fsrenol,1
fosrenol,fosreonl,2
fulvestrant,fulvestrant,0
fulvestrant,fulsvestrant,1
fulvestrant,fulevstrant,2
fulvestrant,fulvsetrant,2
fulvestrant,anyfulvestrant,3
fulvestrant,butfulvestrant,3
gabapentin,gabapentin,0
gabapentin,gabapenntin,1
gabapentin,gabapenttin,1
gabapentin,gabapqentin,1
gabapentin,gabaepntin,2
gabapentin,gabapentinor,2
ganciclovir,ganciclovir,0
ganciclovir,gaciclovir,1
ganciclovir,galnciclovir,1
ganciclovir,gancicloqvir,1
ganciclovir,ganciclvir,1
ganciclovir,ganccilovir,2
ganite,ganite,0
ganite,gaknite,1
ganite,ganie,1
ganite,ganit,1
ganite,gaunite,1
ganite,gganite,1
gantrisin,gantrisin,0
gantrisin,gantisin,1
gantrisin,gantrisn,1
gantrisin,gantrsin,1
garamycin,garamycin,0
garamycin,garamyccin,1
garamycin,garaycin,1
garamycin,garramycin,1
garamycin,giaramycin,1
garamycin,agramycin,2
gastrovist,gastrovist,0
gastrovist,gastrovistx,1
gastrovist,gastrovvist,1
gastrovist,gastroivst,2
gemcitabine,gemcitabine,0
gemcitabine,gemcitabhine,1
gemcitabine,gemcitbine,1
gemcitabine,gemcittabine,1
gemcitabine,gmecitabine,2
gencept,gencept,0
gencept,geincept,1
gencept,genceppt,1
gencept,gencet,1
gencept,genecpt,2
genesa,genesa,0
genesa,geenesa,1
genesa,genea,1
genesa,genesak,1
genesa,ggenesa,1
genesa,geensa,2
gleolan,gleolan,0
gleolan,geolan,1
gleolan,gkleolan,1
gleolan,leolan,1
gleolan,gleolanbut,3
glycopyrrolate,glycopyrrolate,0
glycopyrrolate,gblycopyrrolate,1
glycopyrrolate,gllycopyrrolate,1
glycopyrrolate,glycopyrolate,1
glycopyrrolate,glzycopyrrolate,1
glycopyrrolate,glycopyrrolaet,2
golodirsen,golodirsen,0
golodirsen,ggolodirsen,1
golodirsen,golodirrsen,1
golodirsen,golodirshen,1
golodirsen,golodirsn,1
golodirsen,golodiwrsen,1
gynodiol,gynodiol,0
gynodiol,gynodiool,1
gynodiol,gynoiol,1
gynodiol,gynoudiol,1
gynodiol,gyodiol,1
helicosol,helicosol,0
helicosol,helichosol,1
helicosol,helicosolx,1
helicosol,helicosool,1
helicosol,hselicosol,1
helicosol,hleicosol,2
hemlibra,hemlibra,0
hemlibra,hemlibbra,1
hemlibra,hemmlibra,1
hemlibra,hemlibar,2
humegon,humegon,0
humegon,humegonv,1
humegon,humeon,1
humegon,huumegon,1
humegon,umegon,1
humegon,hmuegon,2
hydramine,hydramine,0
hydramine,heydramine,1
hydramine,hydamine,1
hydramine,ydramine,1
hydramine,hydarmine,2
hydramine,yhdramine,2
hydropane,hydropane,0
hydropane,hydropae,1
hydropane,hydroppane,1
hydropane,hyrdopane,2
hydropane,hydropanehis,3
hydroxocobalamin,hydroxocobalamin,0
hydroxocobalamin,hydromxocobalamin,1
hydroxocobalamin,hydrxocobalamin,1
hydroxocobalamin,hyjdroxocobalamin,1
hydroxocobalamin,hydroxocobalamni,2
ibsrela,ibsrela,0
ibsrela,ibsrrela,1
ibsrela,isrela,1
ibsrela,ibserla,2
ibsrela,ibsrlea,2
ibu,ibu,0
ibu,bu,1
ibu,ibuw,1
ibu,ibuby,2
ibu,iub,2
ibuprofen,ibuprofen,0
ibuprofen,ibbuprofen,1
ibuprofen,ibukprofen,1
ibuprofen,ibuprofben,1
ibuprofen,ibuprofe,1
ibuprofen,andibuprofen,3
ilevro,ilevro,0
ilevro,ilevroo,1
ilevro,ilevvro,1
ilevro,ielvro,2
ilevro,ilervo,2
ilevro,eachilevro,4
imipenem,imipenem,0
imipenem,imi7penem,1
imipenem,imipene8m,1
imipenem,imipennem,1
imipenem,imipnem,1
imipenem,imiepnem,2
imvexxy,imvexxy,0
imvexxy,imvexx,1
imvexxy,imvexxyd,1
imvexxy,imvexy,1
imvexxy,imviexxy,1
imvexxy,imvexxyany,3
inh,inh,0
inh,in2h,1
inh,inph,1
inh,ihn,2
inh,nih,2
inrebic,inrebic,0
inrebic,inrebbic,1
inrebic,inreic,1
inrebic,inerbic,2
insert,insert,0
insert,innsert,1
insert,insertv,1
insert,inesrt,2
intermezzo,intermezzo,0
intermezzo,inntermezzo,1
intermezzo,intedrmezzo,1
intermezzo,intemezzo,1
intermezzo,intermezhzo,1
intermezzo,interrmezzo,1
intracavitary,intracavitary,0
intracavitary,intracavijtary,1
intracavitary,intracaxvitary,1
intracavitary,intraccavitary,1
intracavitary,inttracavitary,1
intracavitary,ntracavitary,1
invagesic,invagesic,0
invagesic,invaggesic,1
invagesic,invgesic,1
invagesic,invpagesic,1
invagesic,invaegsic,2
invagesic,invagesci,2
iopromide,iopromide,0
iopromide,iopromid,1
iopromide,iopromidee,1
iopromide,iniopromide,2
iopromide,iporomide,2
iopromide,withiopromide,4
isentress,isentress,0
isentress,isentresss,1
isentress,isenxtress,1
isentress,sientress,2
isocarboxazid,isocarboxazid,0
isocarboxazid,iocarboxazid,1
isocarboxazid,isocaboxazid,1
isocarboxazid,isocarboxaqzid,1
isocarboxazid,isocarboxaziid,1
isocarboxazid,isoccarboxazid,1
isoniazid,isoniazid,0
isoniazid,isoniaazid,1
isoniazid,isoniazidd,1
isoniazid,issoniazid,1
isoniazid,soniazid,1
isovue,isovue,0
isovue,isovuee,1
isovue,issovue,1
isovue,sovue,1
isovue,siovue,2
jeanatope,jeanatope,0
jeanatope,jeanatoe,1
jeanatope,jeanatopee,1
jeanatope,jeanatoppe,1
jeanatope,jeantope,1
kalydeco,kalydeco,0
kalydeco,kallydeco,1
kalydeco,kalyddeco,1
kalydeco,kalydecop,1
kalydeco,kalydeo,1
kalydeco,klydeco,1
kappadione,kappadione,0
kappadione,kappdione,1
kappadione,ksappadione,1
kappadione,kappdaione,2
kariva,kariva,0
kariva,kaariva,1
kariva,kaiva,1
kariva,kariiva,1
kariva,karvia,2
keflex,keflex,0
keflex,kefvlex,1
keflex,ekflex,2
keflex,kelfex,2
keflex,kfelex,2
keflex,ninekeflex,4
kemstro,kemstro,0
kemstro,kemtro,1
kemstro,kestro,1
kemstro,kesmtro,2
kemstro,kmestro,2
kemstro,fewkemstro,3
kisqali,kisqali,0
kisqali,kiqali,1
kisqali,kisqal,1
kisqali,kisqalii,1
kisqali,kisqjali,1
kisqali,kisaqli,2
klisyri,klisyri,0
klisyri,kklisyri,1
klisyri,klisri,1
klisyri,kliusyri,1
klisyri,klisyir,2
klisyri,lkisyri,2
kybella,kybella,0
kybella,kybell,1
kybella,kybellaa,1
kybella,kyella,1
kybella,withkybella,4
kynmobi,kynmobi,0
kynmobi,kyrnmobi,1
kynmobi,knymobi,2
kynmobi,kynmobiof,2
kynmobi,yknmobi,2
leflunomide,leflunomide,0
leflunomide,lefflunomide,1
leflunomide,leflunomde,1
leflunomide,leflunomie,1
leflunomide,leflnuomide,2
levocarnitine,levocarnitine,0
levocarnitine,levocarnitbine,1
levocarnitine,levocarnitineu,1
levocarnitine,levocarnitinze,1
levocarnitine,levocarnittine,1
levocarnitine,levocranitine,2
lexxel,lexxel,0
lexxel,lexx9el,1
lexxel,lexxl,1
lexxel,lxexel,2
librax,librax,0
librax,lbrax,1
librax,libax,1
librax,libraax,1
librax,libraxx,1
librax,librx,1
libtayo,libtayo,0
libtayo,lbtayo,1
libtayo,libtaayo,1
libtayo,bylibtayo,2
lindane,lindane,0
lindane,liindane,1
lindane,lindante,1
lindane,lindne,1
lindane,twolindane,3
lindane,lindanemore,4
lodosyn,lodosyn,0
lodosyn,lodmosyn,1
lodosyn,lodosynn,1
lodosyn,lodosyrn,1
lodosyn,lxodosyn,1
lodosyn,oldosyn,2
lopid,lopid,0
lopid,lopiid,1
lopid,lpoid,2
lopid,olpid,2
lopid,lopidhalf,4
lorelco,lorelco,0
lorelco,loelco,1
lorelco,orelco,1
lorelco,loreclo,2
lorelco,manylorelco,4
lotrel,lotrel,0
lotrel,lo0trel,1
lotrel,lorel,1
lotrel,lotrjel,1
lotrel,lottrel,1
lucinactant,lucinactant,0
lucinactant,lucinaactant,1
lucinactant,lucincatant,2
lucinactant,lucinactantmany,4
lucinactant,thatlucinactant,4
lumason,lumason,0
lumason,lufmason,1
lumason,lumasoun,1
lumason,lumasson,1
lumason,luumason,1
luxiq,luxiq,0
luxiq,luoxiq,1
luxiq,luuxiq,1
luxiq,luxiqq,1
luxiq,luxjiq,1
luxiq,ulxiq,2
macugen,macugen,0
macugen,acugen,1
macugen,macuen,1
macugen,macuge,1
macugen,macugenvia,3
macugen,pastmacugen,4
mandol,mandol,0
mandol,maandol,1
mandol,manmdol,1
mandol,manol,1
mandol,madnol,2
maraviroc,maraviroc,0
maraviroc,majraviroc,1
maraviroc,maravir0oc,1
maraviroc,maravirocm,1
maraviroc,maravirooc,1
marezine,marezine,0
marezine,marezie,1
marezine,mmarezine,1
marezine,amrezine,2
marezine,marzeine,2
mavyret,mavyret,0
mavyret,mavyre,1
mavyret,mqavyret,1
mavyret,amvyret,2
mavyret,mavyretno,2
mayzent,mayzent,0
mayzent,mayyzent,1
mayzent,mayzenet,1
mayzent,mayzet,1
mayzent,mayeznt,2
mellaril,mellaril,0
mellaril,ellaril,1
mellaril,mellari,1
mellaril,mellfaril,1
mellaril,melllaril,1
menopur,menopur,0
menopur,menaopur,1
menopur,menopuor,1
menopur,menopurr,1
menopur,meopur,1
menopur,meonpur,2
menthol,menthol,0
menthol,menthhol,1
menthol,methol,1
menthol,mentohl,2
menthol,mentholhis,3
menthol,mentholplus,4
mepolizumab,mepolizumab,0
mepolizumab,mepoliznumab,1
mepolizumab,mezpolizumab,1
mepolizumab,mepolizumabless,4
mepolizumab,mepolizumabsome,4
mepriam,mepriam,0
mepriam,mepram,1
mepriam,mepiram,2
mepriam,mepraim,2
mesna,mesna,0
mesna,esna,1
mesna,mesn,1
mesna,mesnaa,1
mesna,mesnja,1
mesna,mesnano,2
mestranol,mestranol,0
mestranol,mestraneol,1
mestranol,mstranol,1
mestranol,mestranlo,2
mestranol,mestranolby,2
mestranol,msetranol,2
methoxyflurane,methoxyflurane,0
methoxyflurane,methoxyflurne,1
methoxyflurane,methoxyfluraneof,2
methoxyflurane,mostmethoxyflurane,4
metrolotion,metrolotion,0
metrolotion,metolotion,1
metrolotion,metreolotion,1
metrolotion,metroloion,1
metrolotion,mettrolotion,1
metrolotion,mterolotion,2
micronor,micronor,0
micronor,micronocr,1
micronor,micrronor,1
micronor,microonr,2
micronor,mirconor,2
microsul,microsul,0
microsul,icrosul,1
microsul,mi3crosul,1
microsul,miicrosul,1
microsul,mircosul,2
microsul,microsulonto,4
milontin,milontin,0
milontin,ilontin,1
milontin,milonin,1
milontin,milonttin,1
milontin,miontin,1
milontin,mlontin,1
minitran,minitran,0
minitran,miitran,1
minitran,minhitran,1
minitran,minitrano,1
minitran,miznitran,1
minitran,minirtan,2
minivelle,minivelle,0
minivelle,minielle,1
minivelle,minivlle,1
minivelle,minivelleup,2
minivelle,minvielle,2
miostat,miostat,0
miostat,iostat,1
miostat,mioostat,1
miostat,miostatt,1
miostat,mostat,1
miostat,imostat,2
mirtazapine,mirtazapine,0
mirtazapine,miartazapine,1
mirtazapine,mirrtazapine,1
mirtazapine,mirtazapin,1
mirtazapine,mirtazapne,1
mirtazapine,mitrtazapine,1
monobasic,monobasic,0
monobasic,monobaasic,1
monobasic,monobasica,1
monobasic,monobasicu,1
monobasic,onobasic,1
monobasic,mnoobasic,2
monopril,monopril,0
monopril,momnopril,1
monopril,monopri,1
monopril,monoprli,2
monopril,monporil,2
monopril,moonpril,2
motrin,motrin,0
motrin,motriin,1
motrin,motruin,1
motrin,mqotrin,1
motrin,mtorin,2
moxidectin,moxidectin,0
moxidectin,moxdectin,1
moxidectin,moxidecctin,1
moxidectin,moxidectinn,1
moxidectin,moxidectn,1
moxidectin,moxiidectin,1
namzaric,namzaric,0
namzaric,namzaricc,1
namzaric,namznaric,1
namzaric,namzairc,2
natesto,natesto,0
natesto,naitesto,1
natesto,nateesto,1
natesto,antesto,2
natesto,ntaesto,2
natesto,onenatesto,3
naturetin,naturetin,0
naturetin,nwaturetin,1
naturetin,natureitn,2
naturetin,nautretin,2
neotrizine,neotrizine,0
neotrizine,neotrizin,1
neotrizine,neotrzine,1
neotrizine,netrizine,1
neotrizine,neotriizne,2
neotrizine,neotrziine,2
netspot,netspot,0
netspot,nespot,1
netspot,netspoot,1
netspot,netspt,1
netspot,netxspot,1
neurontin,neurontin,0
neurontin,neeurontin,1
neurontin,neurondtin,1
neurontin,nurontin,1
neurontin,nuerontin,2
nexterone,nexterone,0
nexterone,nexteone,1
nexterone,nexteroneor,2
nexterone,nxeterone,2
niacor,niacor,0
niacor,niaccor,1
niacor,niacorb,1
niacor,niacorr,1
niacor,nicor,1
niacor,niacorfive,4
nicotine,nicotine,0
nicotine,nicotiine,1
nicotine,nicotinbe,1
nicotine,annicotine,2
nifurtimox,nifurtimox,0
nifurtimox,nifurtimiox,1
nifurtimox,nifurtimx,1
nifurtimox,infurtimox,2
nifurtimox,nifurtimoxone,3
nilandron,nilandron,0
nilandron,nilandrron,1
nilandron,nillandron,1
nilandron,niladnron,2
nilandron,nilnadron,2
nilandron,morenilandron,4
nitronal,nitronal,0
nitronal,niptronal,1
nitronal,ntronal,1
nitronal,nuitronal,1
nitronal,intronal,2
nitronal,nirtonal,2
nivolumab,nivolumab,0
nivolumab,nivolumabb,1
nivolumab,nivoumab,1
nivolumab,nivloumab,2
nivolumab,nivoluamb,2
nivolumab,nivoulmab,2
nix,nix,0
nix,nibx,1
nix,niix,1
nix,nirx,1
nix,nixx,1
nix,plusnix,4
nordette,nordette,0
nordette,noordette,1
nordette,nordtte,1
nordette,norudette,1
nordette,nonordette,2
norditropin,norditropin,0
norditropin,nnorditropin,1
norditropin,norditropi,1
norditropin,norditrpoin,2
norethynodrel,norethynodrel,0
norethynodrel,norethyynodrel,1
norethynodrel,northynodrel,1
norethynodrel,nrethynodrel,1
norethynodrel,norethnyodrel,2
norethynodrel,norethyndorel,2
nourianz,nourianz,0
nourianz,nouriannz,1
nourianz,nourianoz,1
nourianz,nourainz,2
nourianz,hisnourianz,3
novolin,novolin,0
novolin,novolinn,1
novolin,novoln,1
novolin,novomlin,1
novolin,onvolin,2
novolin,butnovolin,3
nubeqa,nubeqa,0
nubeqa,nubeqaa,1
nubeqa,nubeaq,2
nubeqa,nubeqaupon,4
nucynta,nucynta,0
nucynta,nuccynta,1
nucynta,nucyntaa,1
nucynta,nucnyta,2
nucynta,nucynat,2
nucynta,nucytna,2
nylia,nylia,0
nylia,nlia,1
nylia,nyliaa,1
nylia,nyliia,1
nylia,ynlia,2
obiltoxaximab,obiltoxaximab,0
obiltoxaximab,obiltoxaxximab,1
obiltoxaximab,myobiltoxaximab,2
obiltoxaximab,obiltxoaximab,2
obiltoxaximab,oblitoxaximab,2
octinoxate,octinoxate,0
octinoxate,octinnoxate,1
octinoxate,octinooxate,1
octinoxate,octinoxabte,1
octinoxate,octinoxae,1
odesivimab,odesivimab,0
odesivimab,odesiimab,1
odesivimab,odesivima,1
odesivimab,odesivimabb,1
odesivimab,odesivimmab,1
odesivimab,odesivimba,2
oliceridine,oliceridine,0
oliceridine,olicceridine,1
oliceridine,oliceriine,1
oliceridine,oliceirdine,2
oliceridine,olicerdiine,2
oliceridine,oliceridinelike,4
omeprazole,omeprazole,0
omeprazole,omepvrazole,1
omeprazole,oemprazole,2
omeprazole,omeprazolefive,4
omnipred,omnipred,0
omnipred,omniprred,1
omnipred,ominpred,2
omnipred,omnirped,2
omniscan,omniscan,0
omniscan,omfniscan,1
omniscan,omnisca,1
omniscan,omniscann,1
omniscan,omnisacn,2
opana,opana,0
opana,oana,1
opana,opanna,1
opana,oppana,1
opana,opnaa,2
ophthalmic,ophthalmic,0
ophthalmic,ophthalmc,1
ophthalmic,ophvthalmic,1
ophthalmic,opvhthalmic,1
ophthalmic,ophthalmicon,2
optimark,optimark,0
optimark,optimahrk,1
optimark,opttimark,1
optimark,ptimark,1
optimark,otpimark,2
optipranolol,optipranolol,0
optipranolol,optiipranolol,1
optipranolol,optipranvolol,1
optipranolol,opttipranolol,1
optipranolol,optirpanolol,2
optison,optison,0
optison,optkison,1
optison,opttison,1
optison,optiosn,2
optison,otpison,2
oravig,oravig,0
oravig,oravigg,1
oravig,oravsig,1
oravig,ravig,1
oravig,oraivg,2
oravig,orvaig,2
oreticyl,oreticyl,0
oreticyl,ooreticyl,1
oreticyl,oretcyl,1
oreticyl,oretiyl,1
oreticyl,oreticly,2
orgovyx,orgovyx,0
orgovyx,orgmovyx,1
orgovyx,orgovyax,1
orgovyx,orgovyyx,1
orgovyx,orgovxy,2
ospemifene,ospemifene,0
ospemifene,opemifene,1
ospemifene,osphemifene,1
ospemifene,downospemifene,4
oxybutynin,oxybutynin,0
oxybutynin,oxybutyin,1
oxybutynin,oxybutyknin,1
oxybutynin,oxybutynn,1
oxybutynin,oxyybutynin,1
oxybutynin,oxybutynni,2
oxytetracycline,oxytetracycline,0
oxytetracycline,oxyttetracycline,1
oxytetracycline,oxyytetracycline,1
oxytetracycline,oxytteracycline,2
oxytetracycline,fiveoxytetracycline,4
pacerone,pacerone,0
pacerone,paacerone,1
pacerone,paceronde,1
pacerone,paceroqne,1
pacerone,pacernoe,2
pacerone,paceroen,2
paclitaxel,paclitaxel,0
paclitaxel,pacitaxel,1
paclitaxel,paclitaxeml,1
paclitaxel,paclitaxl,1
paclitaxel,paclitaxellike,4
paclitaxel,paclitaxelthan,4
parasal,parasal,0
parasal,arasal,1
parasal,parasaal,1
parasal,parwasal,1
patanase,patanase,0
patanase,paqtanase,1
patanase,patanasse,1
patanase,patsanase,1
patanase,aptanase,2
patanase,patanaes,2
pathilon,pathilon,0
pathilon,pathillon,1
pathilon,pathilno,2
pavulon,pavulon,0
pavulon,pavulaon,1
pavulon,pavullon,1
pavulon,pcavulon,1
pavulon,pauvlon,2
pavulon,pavulno,2
pediotic,pediotic,0
pediotic,pediootic,1
pediotic,pedioti,1
pediotic,pedotic,1
pediotic,pedoitic,2
pellet,pellet,0
pellet,pelletx,1
pellet,pepllet,1
pellet,pexllet,1
pellet,pllet,1
penthrane,penthrane,0
penthrane,pcenthrane,1
penthrane,penthrrane,1
penthrane,pnthrane,1
penthrane,pentrhane,2
penthrane,thatpenthrane,4
percorten,percorten,0
percorten,percorte,1
percorten,percortn,1
percorten,percoten,1
percorten,percporten,1
percorten,ppercorten,1
periactin,periactin,0
periactin,peiactin,1
periactin,peqriactin,1
periactin,perictin,1
periactin,priactin,1
periactin,periactinand,3
permax,permax,0
permax,eprmax,2
permax,peramx,2
permax,intopermax,4
phenazine,phenazine,0
phenazine,pheazine,1
phenazine,hpenazine,2
phenazine,phenazineor,2
phenazine,hisphenazine,3
photrexa,photrexa,0
photrexa,phorexa,1
photrexa,phottrexa,1
photrexa,potrexa,1
photrexa,photrexanine,4
phrenilin,phrenilin,0
phrenilin,phreenilin,1
phrenilin,phreniglin,1
phrenilin,phreniin,1
phrenilin,phreniln,1
pibrentasvir,pibrentasvir,0
pibrentasvir,pibreintasvir,1
pibrentasvir,pibrentasvirr,1
pibrentasvir,pibrentasviran,2
pibrentasvir,pibretnasvir,2
pibrentasvir,pibrnetasvir,2
pimecrolimus,pimecrolimus,0
pimecrolimus,imecrolimus,1
pimecrolimus,pimaecrolimus,1
pimecrolimus,pimecrtolimus,1
pimecrolimus,pimqecrolimus,1
pitocin,pitocin,0
pitocin,pitocinn,1
pitocin,pitoczin,1
pitocin,pitocni,2
plegisol,plegisol,0
plegisol,plegiol,1
plegisol,plegisl,1
plegisol,pllegisol,1
plegisol,nineplegisol,4
plicamycin,plicamycin,0
plicamycin,pliamycin,1
plicamycin,plicammycin,1
plicamycin,plicamyciqn,1
plicamycin,plicamycinone,3
podofilox,podofilox,0
podofilox,podfilox,1
podofilox,podofiloxx,1
podofilox,podofilx,1
polocaine,polocaine,0
polocaine,polocainee,1
polocaine,polocainse,1
polocaine,ponlocaine,1
polocaine,polocaien,2
polycillin,polycillin,0
polycillin,plycillin,1
polycillin,polxycillin,1
polycillin,poylcillin,2
portalac,portalac,0
portalac,port0alac,1
portalac,portala,1
portalac,portialac,1
portalac,poratlac,2
potiga,potiga,0
potiga,poiga,1
potiga,potig5a,1
potiga,pottiga,1
potiga,ptiga,1
potiga,intopotiga,4
pradaxa,pradaxa,0
pradaxa,praadaxa,1
pradaxa,pradaa,1
pradaxa,praadxa,2
pradaxa,pradxaa,2
pradaxa,prdaaxa,2
pramosone,pramosone,0
pramosone,pramoson,1
pramosone,ramosone,1
pramosone,rpamosone,2
pramosone,eachpramosone,4
prasugrel,prasugrel,0
prasugrel,prasugel,1
prasugrel,prasugreel,1
prasugrel,prasuwgrel,1
prasugrel,prausgrel,2
predamide,predamide,0
predamide,preamide,1
predamide,predmide,1
predamide,redamide,1
prefest,prefest,0
prefest,pprefest,1
prefest,prefeast,1
prefest,perfest,2
prefest,preefst,2
pregnyl,pregnyl,0
pregnyl,pregnl,1
pregnyl,pregnyll,1
pregnyl,pregxnyl,1
pregnyl,rpegnyl,2
prepopik,prepopik,0
prepopik,prepopikk,1
prepopik,prpopik,1
prepopik,prepopki,2
prepopik,prpeopik,2
prevacid,prevacid,0
prevacid,prevaccid,1
prevacid,pervacid,2
prevacid,prevcaid,2
primsol,primsol,0
primsol,pimsol,1
primsol,priimsol,1
primsol,primsl,1
primsol,prmsol,1
priscoline,priscoline,0
priscoline,priscoline1,1
priscoline,priscolinse,1
priscoline,priscolizne,1
priscoline,priscooline,1
promacta,promacta,0
promacta,pomacta,1
promacta,prtomacta,1
promacta,pwromacta,1
promacta,promactaas,2
promacta,promactalike,4
promethacon,promethacon,0
promethacon,promebthacon,1
promethacon,promethacn,1
promethacon,prromethacon,1
promethacon,proemthacon,2
promethacon,promethaconoff,3
purinethol,purinethol,0
purinethol,puriethol,1
purinethol,purin1ethol,1
purinethol,purinelthol,1
purinethol,purinenthol,1
purinethol,puriunethol,1
pytest,pytest,0
pytest,ptest,1
pytest,pytes,1
pytest,ptyest,2
pytest,pyetst,2
pytest,pytset,2
quadramet,quadramet,0
quadramet,quadamet,1
quadramet,quadrame,1
quadramet,quadrmet,1
quadramet,uadramet,1
quasense,quasense,0
quasense,quasens,1
quasense,quasese,1
quasense,quaesnse,2
quasense,uqasense,2
qutenza,qutenza,0
qutenza,qutenzza,1
qutenza,quutenza,1
qutenza,qtuenza,2
qutenza,qutenaz,2
ramipril,ramipril,0
ramipril,ramiprcil,1
ramipril,ramiprril,1
ramipril,rampiril,2
ranitidine,ranitidine,0
ranitidine,ranitiddine,1
ranitidine,ranitidie,1
ranitidine,ranitidiqne,1
rapaflo,rapaflo,0
rapaflo,rapafloo,1
rapaflo,arpaflo,2
rapaflo,raapflo,2
rapaflo,rapfalo,2
rapaflo,saverapaflo,4
raxar,raxar,0
raxar,raaxr,2
raxar,sixraxar,3
raxar,uponraxar,4
razadyne,razadyne,0
razadyne,razayne,1
razadyne,razdayne,2
razadyne,razadynetwo,3
recarbrio,recarbrio,0
recarbrio,recarbio,1
recarbrio,ercarbrio,2
recarbrio,recabrrio,2
recarbrio,whatrecarbrio,4
redisol,redisol,0
redisol,redisool,1
redisol,redsol,1
repronex,repronex,0
repronex,reproneex,1
repronex,reupronex,1
repronex,rrepronex,1
repronex,reprnoex,2
requip,requip,0
requip,reaquip,1
requip,rrequip,1
requip,requpi,2
requip,reuqip,2
requip,requipany,3
restasis,restasis,0
restasis,restasi,1
restasis,restsis,1
restasis,resatsis,2
restasis,restassi,2
retacrit,retacrit,0
retacrit,retacritk,1
retacrit,retacrt,1
retacrit,retcrit,1
retacrit,retacritamid,4
retapamulin,retapamulin,0
retapamulin,retapaamulin,1
retapamulin,retapamuhlin,1
retapamulin,retpamulin,1
retapamulin,rketapamulin,1
rezurock,rezurock,0
rezurock,rezurck,1
rezurock,rezurzock,1
rezurock,rezuurock,1
rezurock,reuzrock,2
rezurock,rezurokc,2
rhopressa,rhopressa,0
rhopressa,hopressa,1
rhopressa,rhoopressa,1
rhopressa,rhoprressa,1
rhopressa,hropressa,2
ribavirin,ribavirin,0
ribavirin,ibavirin,1
ribavirin,ribaviriin,1
ribavirin,irbavirin,2
rilonacept,rilonacept,0
rilonacept,rilonacecpt,1
rilonacept,riolnacept,2
rilonacept,fewrilonacept,3
rivaroxaban,rivaroxaban,0
rivaroxaban,rivaaroxaban,1
rivaroxaban,rivaoxaban,1
rivaroxaban,rivaorxaban,2
rivaroxaban,rivarxoaban,2
rufinamide,rufinamide,0
rufinamide,rfinamide,1
rufinamide,rufinaamide,1
rufinamide,rufinaide,1
rufinamide,rufinlamide,1
rufinamide,rufniamide,2
rylaze,rylaze,0
rylaze,rylaxze,1
rylaze,ryllaze,1
rylaze,ylaze,1
rylaze,butrylaze,3
sacubitril,sacubitril,0
sacubitril,sacubitri,1
sacubitril,sacubitrril,1
sacubitril,sacubtril,1
sacubitril,sacubitrilfew,3
secretin,secretin,0
secretin,seckretin,1
secretin,secretmin,1
secretin,seecretin,1
secretin,uponsecretin,4
selfemra,selfemra,0
selfemra,selfemqra,1
selfemra,selffemra,1
selfemra,eslfemra,2
septisol,septisol,0
septisol,septiisol,1
septisol,septisool,1
septisol,septtisol,1
septisol,esptisol,2
septisol,sepitsol,2
seysara,seysara,0
seysara,seeysara,1
seysara,esysara,2
seysara,sesyara,2
seysara,syesara,2
seysara,seysaraupon,4
signifor,signifor,0
signifor,sdignifor,1
signifor,signifo,1
signifor,signifoor,1
signifor,siwgnifor,1
signifor,ssignifor,1
simpesse,simpesse,0
simpesse,simpess,1
simpesse,simxpesse,1
simpesse,sipesse,1
simpesse,simpesseless,4
simpesse,simpessenine,4
simvastatin,simvastatin,0
simvastatin,simvasftatin,1
simvastatin,simvastatiin,1
simvastatin,simvasttin,1
simvastatin,simvatatin,1
sirturo,sirturo,0
sirturo,asirturo,1
sirturo,sirsturo,1
sirturo,siruro,1
sirturo,foursirturo,4
sivextro,sivextro,0
sivextro,siivextro,1
sivextro,sivetro,1
sivextro,sivexrto,2
sivextro,sviextro,2
sivextro,sivextroyour,4
skyla,skyla,0
skyla,skya,1
skyla,skylla,1
skyla,sskyla,1
skyla,skylaon,2
sofosbuvir,sofosbuvir,0
sofosbuvir,sofosbuvi,1
sofosbuvir,sofosbuvpir,1
sofosbuvir,sofosuvir,1
sofosbuvir,sofsobuvir,2
sofosbuvir,soofsbuvir,2
solodyn,solodyn,0
solodyn,solodvyn,1
solodyn,soloodyn,1
solodyn,soloyn,1
solodyn,soolodyn,1
solodyn,soulodyn,1
soxazole,soxazole,0
soxazole,sooxazole,1
soxazole,soxazzole,1
soxazole,soxzaole,2
soyacal,soyacal,0
soyacal,soyaccal,1
soyacal,osyacal,2
soyacal,soaycal,2
soyacal,soycaal,2
soyacal,fewsoyacal,3
sponge,sponge,0
sponge,sbponge,1
sponge,songe,1
sponge,spoonge,1
sponge,spongenear,4
stadol,stadol,0
stadol,staadol,1
stadol,staddol,1
stadol,stdol,1
stadol,yetstadol,3
starlix,starlix,0
starlix,stalix,1
starlix,starli,1
starlix,starlixd,1
starlix,starlx,1
stiripentol,stiripentol,0
stiripentol,stimripentol,1
stiripentol,stiriipentol,1
stiripentol,stiripentolup,2
strattera,strattera,0
strattera,stratera,1
strattera,stratter,1
strattera,strattezra,1
strattera,stratttera,1
strattera,tsrattera,2
streptozocin,streptozocin,0
streptozocin,sstreptozocin,1
streptozocin,streeptozocin,1
streptozocin,streptozocn,1
streptozocin,streptozoicn,2
succimer,succimer,0
succimer,sbuccimer,1
succimer,sccimer,1
succimer,ssuccimer,1
succimer,scucimer,2
succimer,usccimer,2
sucraid,sucraid,0
sucraid,stucraid,1
sucraid,sucrid,1
sucraid,sucrraid,1
sucraid,sukcraid,1
sucraid,viasucraid,3
sulfabid,sulfabid,0
sulfabid,sulfaabid,1
sulfabid,sulfabi,1
sulfabid,sulfaid,1
sulfapyridine,sulfapyridine,0
sulfapyridine,sulapyridine,1
sulfapyridine,sulfapyriqdine,1
sulfapyridine,sulfapyirdine,2
sulfapyridine,sulfapyriidne,2
sumatriptan,sumatriptan,0
sumatriptan,suatriptan,1
sumatriptan,sumatriptana,1
sumatriptan,sumatriptanu,1
sumatriptan,sumatriptna,2
surfaxin,surfaxin,0
surfaxin,surfaxiin,1
surfaxin,surfaxinn,1
surfaxin,surfaxiqn,1
surfaxin,urfaxin,1
surfaxin,srufaxin,2
sustaire,sustaire,0
sustaire,suestaire,1
sustaire,sustair,1
sustaire,sustaiure,1
sustaire,susttaire,1
sustaire,thansustaire,4
sustol,sustol,0
sustol,susto,1
sustol,ustol,1
sustol,ssutol,2
sustol,sustlo,2
sustol,sustolanti,4
synercid,synercid,0
synercid,synercidd,1
synercid,synerrcid,1
synercid,synericd,2
tacaryl,tacaryl,0
tacaryl,tacarl,1
tacaryl,tacary,1
tacaryl,tcaryl,1
tadalafil,tadalafil,0
tadalafil,tadalaf3il,1
tadalafil,tadalafill,1
tadalafil,tadalvafil,1
tadalafil,tadalaifl,2
tavaborole,tavaborole,0
tavaborole,tavaboole,1
tavaborole,tavaborolle,1
tavaborole,tavpaborole,1
tavaborole,tavaobrole,2
teebacin,teebacin,0
teebacin,tebacin,1
teebacin,teebcin,1
teebacin,teeebacin,1
teebacin,teebcain,2
tenecteplase,tenecteplase,0
tenecteplase,tencteplase,1
tenecteplase,tenecteplaspe,1
tenecteplase,ttenecteplase,1
tenecteplase,tenceteplase,2
tenecteplase,tenecteplasemore,4
terconazole,terconazole,0
terconazole,terconaazole,1
terconazole,terconazoole,1
terconazole,terconazzole,1
terconazole,terconzole,1
terconazole,tterconazole,1
teril,teril,0
teril,tecril,1
teril,teeril,1
teril,terbil,1
teril,tteril,1
teril,teirl,2
teslac,teslac,0
teslac,teeslac,1
teslac,teslatc,1
teslac,tesllac,1
teslac,teslacas,2
teslac,antiteslac,4
tessalon,tessalon,0
tessalon,tessialon,1
tessalon,tesslon,1
tessalon,teszsalon,1
tessalon,tesslaon,2
texacort,texacort,0
texacort,teacort,1
texacort,teexacort,1
texacort,etxacort,2
tham,tham,0
tham,htam,2
tham,thma,2
tham,thamfour,4
theolair,theolair,0
theolair,heolair,1
theolair,the4olair,1
theolair,theeolair,1
theolair,thheolair,1
theolair,teholair,2
thiola,thiola,0
thiola,thi4ola,1
thiola,thikola,1
thiola,thila,1
thiola,tiola,1
thiola,tthiola,1
thiosulfil,thiosulfil,0
thiosulfil,thiosulfail,1
thiosulfil,thiosulfill,1
thiosulfil,thiosuslfil,1
thiosulfil,thiosulfilfive,4
thyroshield,thyroshield,0
thyroshield,thfyroshield,1
thyroshield,thyyroshield,1
thyroshield,thyrosheild,2
thyroshield,northyroshield,3
timentin,timentin,0
timentin,tientin,1
timentin,tiimentin,1
timentin,titmentin,1
timentin,twotimentin,3
tobi,tobi,0
tobi,tbi,1
tobi,tobik,1
tobi,tpobi,1
tobi,ttobi,1
tobi,tobimuch,4
tobramycin,tobramycin,0
tobramycin,tobramyin,1
tobramycin,tobramyycin,1
tobramycin,tboramycin,2
tobramycin,tobramycinone,3
tolak,tolak,0
tolak,tolajk,1
tolak,attolak,2
tolak,tolakeach,4
torisel,torisel,0
torisel,toriel,1
torisel,toriisel,1
torisel,torilsel,1
torisel,tourisel,1
torisel,toriselnine,4
totacillin,totacillin,0
totacillin,totaacillin,1
totacillin,totacilin,1
totacillin,totaclilin,2
totacillin,totacillinupon,4
trancopal,trancopal,0
trancopal,rancopal,1
trancopal,trancopa,1
trancopal,trancopaal,1
trancopal,trancopl,1
trancopal,tranopal,1
travasol,travasol,0
travasol,ravasol,1
travasol,travaol,1
travasol,travvasol,1
travasol,trravasol,1
travasol,travasolto,2
travert,travert,0
travert,traavert,1
travert,trabvert,1
travert,travet,1
travert,travvert,1
travert,rtavert,2
trecator,trecator,0
trecator,trecaator,1
trecator,trecatoor,1
trecator,trrecator,1
trecator,treactor,2
trecator,trecatorover,4
trest,trest,0
trest,trestt,1
trest,rtest,2
trest,terst,2
trest,offtrest,3
triaminic,triaminic,0
triaminic,trgiaminic,1
triaminic,triagminic,1
triaminic,triaminivc,1
triaminic,trimaminic,1
triaminic,triamniic,2
triesence,triesence,0
triesence,triesece,1
triesence,triesencet,1
triesence,trriesence,1
triesence,trieesnce,2
triprolidine,triprolidine,0
triprolidine,tripprolidine,1
triprolidine,triprolidne,1
triprolidine,triproliidine,1
triprolidine,trpirolidine,2
trisenox,trisenox,0
trisenox,trisenx,1
trisenox,triseunox,1
trisenox,trisjenox,1
trisenox,trtisenox,1
trisenox,triseonx,2
trivagizole,trivagizole,0
trivagizole,trivagiole,1
trivagizole,trivagizocle,1
trivagizole,trivagizorle,1
trivagizole,trivragizole,1
trobicin,trobicin,0
trobicin,trobiccin,1
trobicin,trobiciin,1
trobicin,trobicn,1
trobicin,troicin,1
trobicin,troibcin,2
trophamine,trophamine,0
trophamine,troophamine,1
trophamine,trophaminle,1
trophamine,trophammine,1
trophamine,ttrophamine,1
trophamine,trophamineyet,3
trulance,trulance,0
trulance,trulanceg,1
trulance,trulane,1
trulance,trulanec,2
trulance,trulnace,2
trulance,trulanceupon,4
tyblume,tyblume,0
tyblume,tbylume,2
tyblume,ytblume,2
tyblume,tyblumehis,3
tybost,tybost,0
tybost,tbost,1
tybost,toybost,1
tybost,tybos,1
tybost,tybot,1
tybost,anytybost,3
tymtran,tymtran,0
tymtran,tymtan,1
tymtran,tymthran,1
tymtran,tymtrahn,1
tymtran,tymtrran,1
tymtran,ytmtran,2
ultacan,ultacan,0
ultacan,ulacan,1
ultacan,ultaacan,1
ultacan,utacan,1
ultracet,ultracet,0
ultracet,ltracet,1
ultracet,udltracet,1
ultracet,ultract,1
ultracet,ultrcet,1
ultracet,ultrcaet,2
ultralente,ultralente,0
ultralente,ultraleante,1
ultralente,ultrlente,1
ultralente,ultraelnte,2
ultralente,ultralentemore,4
ultravate,ultravate,0
ultravate,ultravat,1
ultravate,ultravatte,1
ultravate,ulttravate,1
ultravate,hisultravate,3
unithroid,unithroid,0
unithroid,uithroid,1
unithroid,unithruoid,1
unithroid,unnithroid,1
unithroid,unithriod,2
unithroid,unithroidless,4
urecholine,urecholine,0
urecholine,urechholine,1
urecholine,urecholie,1
urecholine,uercholine,2
urokinase,urokinase,0
urokinase,uroinase,1
urokinase,urokiinase,1
urokinase,urokinaase,1
urokinase,urrokinase,1
urokinase,uorkinase,2
ustekinumab,ustekinumab,0
ustekinumab,ustekiumab,1
ustekinumab,utekinumab,1
ustekinumab,ustekiunmab,2
ustekinumab,ustekniumab,2
uticort,uticort,0
uticort,ulticort,1
uticort,uticor,1
uticort,uticot,1
uticort,tuicort,2
uticort,amiduticort,4
utimox,utimox,0
utimox,utimoox,1
utimox,utiox,1
utimox,utiomx,2
utimox,utimoxfor,3
valmid,valmid,0
valmid,vvalmid,1
valmid,valmdi,2
valmid,vamlid,2
valmid,vlamid,2
valmid,valmidthan,4
valrelease,valrelease,0
valrelease,vaalrelease,1
valrelease,valreleaase,1
valrelease,valreleae,1
valrelease,vlrelease,1
vaniqa,vaniqa,0
vaniqa,vaaniqa,1
vaniqa,vaniqaa,1
vaniqa,vawniqa,1
vaniqa,avniqa,2
vansil,vansil,0
vansil,vanssil,1
vansil,vvansil,1
vansil,vansli,2
vasopressin,vasopressin,0
vasopressin,asopressin,1
vasopressin,vasoopressin,1
vasopressin,vasopressiin,1
vasopressin,vasoprressin,1
venetoclax,venetoclax,0
venetoclax,venetoctlax,1
venetoclax,venetolax,1
venetoclax,vnetoclax,1
venetoclax,sovenetoclax,2
venetoclax,venetcolax,2
ventolin,ventolin,0
ventolin,vebntolin,1
ventolin,ventoln,1
ventolin,venttolin,1
verteporfin,verteporfin,0
verteporfin,erteporfin,1
verteporfin,vertepofin,1
verteporfin,vertepoorfin,1
verteporfin,vrteporfin,1
verteporfin,evrteporfin,2
vesanoid,vesanoid,0
vesanoid,vesanoids,1
vesanoid,downvesanoid,4
vesanoid,thatvesanoid,4
vfend,vfend,0
vfend,vfeend,1
vfend,vfen,1
vfend,vfendd,1
vfend,notvfend,3
viberzi,viberzi,0
viberzi,vibeerzi,1
viberzi,viberzig,1
viberzi,viberziin,2
viberzi,viberzimore,4
victrelis,victrelis,0
victrelis,victrellis,1
victrelis,victrlis,1
victrelis,vcitrelis,2
victrelis,victerlis,2
viibryd,viibryd,0
viibryd,vibryd,1
viibryd,viibryid,1
viibryd,viibyd,1
viibryd,viiibryd,1
viibryd,thisviibryd,4
visipaque,visipaque,0
visipaque,visipaqueg,1
visipaque,visipaquke,1
visipaque,vispaque,1
visipaque,visipaqeu,2
visipaque,visipqaue,2
vizamyl,vizamyl,0
vizamyl,viizamyl,1
vizamyl,vizayl,1
vizamyl,vizmamyl,1
vizamyl,amidvizamyl,4
wellcovorin,wellcovorin,0
wellcovorin,wellcovoorin,1
wellcovorin,welclovorin,2
wellcovorin,wellcovoirn,2
winlevi,winlevi,0
winlevi,inlevi,1
winlevi,wilevi,1
winlevi,winleviq,1
winlevi,winelvi,2
xcopri,xcopri,0
xcopri,xcopi,1
xcopri,xocpri,2
xcopri,xcoprinine,4
xenazine,xenazine,0
xenazine,xenazne,1
xenazine,xnazine,1
xenazine,xuenazine,1
xeneisol,xeneisol,0
xeneisol,xeneiso,1
xeneisol,xenesol,1
xeneisol,xenesiol,2
xeneisol,xeniesol,2
xyzal,xyzal,0
xyzal,xxyzal,1
xyzal,xzal,1
xyzal,asxyzal,2
yupelri,yupelri,0
yupelri,yuelri,1
yupelri,yupelrii,1
yupelri,oryupelri,2
yupelri,yupleri,2
zaditor,zaditor,0
zaditor,zadiitor,1
zaditor,zadior,1
zaditor,zditor,1
zaditor,zadtior,2
zebeta,zebeta,0
zebeta,zebbeta,1
zebeta,zebet,1
zebeta,zebetae,1
zebeta,zeeta,1
zebeta,zbeeta,2
zemdri,zemdri,0
zemdri,z4emdri,1
zemdri,zedri,1
zemdri,zemdrli,1
zemdri,zemdir,2
zemdri,zemrdi,2
ziextenzo,ziextenzo,0
ziextenzo,zietenzo,1
ziextenzo,ziexteno,1
ziextenzo,ziextenzzo,1
ziextenzo,ziexttenzo,1
ziextenzo,likeziextenzo,4
zirabev,zirabev,0
zirabev,zirbev,1
zirabev,ziarbev,2
zirabev,ziraebv,2
zirabev,zirabevmost,4
zirgan,zirgan,0
zirgan,irgan,1
zirgan,zirggan,1
zirgan,zirgn,1
zirgan,fourzirgan,4
zonegran,zonegran,0
zonegran,zoneggran,1
zonegran,zongran,1
zonegran,oznegran,2
zonegran,zonegrna,2
zonegran,nearzonegran,4
zosyn,zosyn,0
zosyn,z9osyn,1
zosyn,zdosyn,1
zosyn,zzosyn,1
zosyn,zoysn,2
